,MSE,NMSE,NRMSD,PSNR,RMSD,basis_count,e_cur,runtime
0,6042.143561346257,0.22931886903256787,0.012864842689449272,10.318893209700734,77.73122642378839,1,1682.6307715649052,0.006124091916717589
1,2743.764729355504,0.09254906191927671,0.01909090715305765,13.74733491851865,52.38095769796028,2,1192.136548193693,0.009547073976136744
2,3210.795566054504,0.11003575455727722,0.01764792594590705,13.064677063013686,56.66388237717659,3,1196.1629704240602,0.013836815021932125
3,2820.9426582644596,0.09540067946374882,0.01882794282728124,13.626861025935904,53.11254708884201,4,1140.4599106070668,0.01910935901105404
4,2573.5643543271467,0.0863125684907036,0.019712081390457013,14.02545328215772,50.73031001607566,5,1083.6447381685796,0.026634706067852676
5,2532.9652390262445,0.08483543603448711,0.01986942892624556,14.094511310468354,50.328572789482564,6,1077.9025112174918,0.028787063900381327
6,2393.18730514181,0.07978042470676501,0.020441447922210004,14.341036704424624,48.92021366615042,7,1011.4305694565771,0.03248051309492439
7,2324.426933641331,0.07731098199796732,0.02074159024732271,14.467644618072326,48.21231101742926,8,1012.5465889870012,0.03684064105618745
8,2298.1547587091686,0.07637042942480776,0.020859810776896276,14.517010899576091,47.93907340269698,9,959.576421105712,0.0434084830339998
9,2134.661700674784,0.07055403470653474,0.02164389761667911,14.83751302664505,46.20239929565113,10,956.0733672487233,0.04920658399350941
10,2006.7973502815014,0.0660487799875843,0.022322778016264724,15.105768419419762,44.7972917739622,11,942.1815800561446,0.052524789003655314
11,2077.22469975706,0.06852556060704013,0.021941093138152082,14.95596882827609,45.57658060623965,12,916.3476897125578,0.062004902050830424
12,1949.5489608833711,0.06404391972316606,0.022648160117994712,15.231462143552058,44.153697023956795,13,915.1297356946101,0.06425096292514354
13,1917.5909492622225,0.06292801436808249,0.02283610411500682,15.303243896414106,43.790306567346875,14,888.3017117059497,0.06947521702386439
14,1856.9932795796562,0.06081848750429662,0.023205708577791622,15.442700288280504,43.092844876843024,15,897.0717380573268,0.07735884201247245
15,1864.5209675794474,0.06108008588891917,0.023158816638931035,15.425130892591596,43.180099207614695,16,887.4246475866921,0.08182106597814709
16,1850.1336532449964,0.06058021755928579,0.023248687963231648,15.458772579945366,43.01317999456674,17,873.8600152769407,0.09310021193232387
17,1796.9849529115359,0.058737712208689244,0.02358999124605865,15.585359203170047,42.39085930848225,18,868.58088260801,0.09421121899504215
18,1758.0906786970893,0.05739341635131128,0.02384950470956203,15.680390895373515,41.92959192142334,19,862.0429756137394,0.10295162803959101
19,1732.5381096631152,0.05651210400775692,0.024024734771589024,15.743975645483559,41.62376856632656,20,860.3994865424798,0.11046809505205601
20,1723.548187698387,0.056202389358160576,0.02408730905561868,15.766569307630792,41.51563786934252,21,848.3232536226271,0.1173474199604243
21,1691.6443868893334,0.055104725556391676,0.02431338706216374,15.847712888336948,41.129604749977034,22,845.0247185843741,0.11997964698821306
22,1628.059343722487,0.05292384588867363,0.024783628153556322,16.014101297364157,40.34921738674106,23,830.8713924712011,0.12843462894670665
23,1633.4072244093977,0.053106923544272884,0.02474302329141084,15.999858887667687,40.415432997920455,24,832.5112305899617,0.13975862599909306
24,1577.6888471296045,0.05120259640734712,0.02517615027940121,16.15059005403365,39.720131509470164,25,818.8192570389416,0.14325192605610937
25,1603.1353940843708,0.052071446236515995,0.02497554067611029,16.081101582763257,40.03917324426631,26,826.2548182713172,0.1480436830315739
26,1541.05723673359,0.049954359380441404,0.025473617031949683,16.252615916264965,39.256301872866096,27,806.2656164915272,0.15827343903947622
27,1537.9897154778296,0.04984996684533357,0.025499007948654517,16.26126929515737,39.21721197991807,28,807.7624839616146,0.16111930401530117
28,1521.6677158123143,0.049294852629205445,0.02563539931515764,16.307605342837334,39.008559519832495,29,800.0040903032393,0.17203393403906375
29,1496.2353185252634,0.04843106113300571,0.02585235131192631,16.380804588500986,38.68120109982708,30,796.8326451053155,0.1797046409919858
30,1504.517663043409,0.04871220829122882,0.025781094729683974,16.35683070142919,38.78811239340487,31,791.4907539389005,0.1862692020367831
31,1446.3090370165405,0.04673948359330573,0.026294774461549774,16.52819261041404,38.03036993005117,32,789.8382452278634,0.1950531010515988
32,1432.121625985154,0.04625978825824745,0.026424698970633265,16.571004579441492,37.843382855991536,33,787.147406609709,0.2033959690015763
33,1439.0206219879924,0.04649299760780547,0.02636127982401468,16.55013343198561,37.93442528875312,34,781.4222670009636,0.21014581504277885
34,1417.6299988682297,0.04577026066621034,0.026559417909331827,16.615174659996764,37.65142758074692,35,769.5867714606109,0.21987608703784645
35,1404.7587671334957,0.04533585403421732,0.026680817018587308,16.654786096501326,37.48011162114509,36,768.1858637277141,0.23121974698733538
36,1389.8288210812325,0.04483241727010783,0.026823740766023518,16.70119047403627,37.280408005831056,37,768.8555959970776,0.23353855998720974
37,1385.4615794739286,0.044685245835833436,0.02686598429958325,16.714858740941715,37.22178904182238,38,767.5107505418912,0.24353202304337174
38,1362.1818721627262,0.043901443274105945,0.027094581778007026,16.788452644486156,36.907748131831696,39,762.191537173966,0.2691536779748276
39,1355.3724645112432,0.0436724001626522,0.02716255825955437,16.810217025182318,36.81538353068243,40,755.2974275336645,0.26425584603566676
40,1308.0074331044655,0.042081993729833456,0.02764998461589005,16.964701488773066,36.1663854028083,41,757.0442552435486,0.27901087200734764
41,1287.0920165728514,0.04138124492587208,0.027873737241133612,17.03470764343236,35.87606467511245,42,745.4682495334895,0.29706093203276396
42,1298.177876414955,0.041752547457291705,0.027754467427799006,16.99746157268904,36.03023558644816,43,738.9841872841283,0.29180479899514467
43,1290.373703566027,0.041491132019652786,0.027838270339806945,17.02364856853198,35.92177199924896,44,738.0170997789087,0.30036741797812283
44,1273.3248722867722,0.04092050549294438,0.028024017067524026,17.08141138485844,35.68367795346735,45,732.7229598226776,0.3119338160613552
45,1262.6629554986218,0.040563967480293256,0.02814208564678458,17.117929217152902,35.53396903666437,46,729.4080125972579,0.3286875159246847
46,1223.4098047065718,0.03925343141650764,0.028589991197279216,17.255084041495646,34.97727554722597,47,732.14702204394,0.3336845909943804
47,1214.8498417176029,0.03896808017741866,0.02869053847194517,17.285577594303078,34.85469612143539,48,729.5734880900231,0.34008666907902807
48,1216.1573122736393,0.039011655312841946,0.028675111963600026,17.280906054759843,34.87344709479749,49,722.1623332680476,0.35083152598235756
49,1180.2389220098091,0.03781590140598261,0.029108178778260194,17.411104281319886,34.35460554292261,50,723.4913433406547,0.3614878230728209
50,1158.3129934794395,0.03708732040351466,0.029382384384850132,17.492544327597415,34.033997612379295,51,719.8059855709994,0.3791067119454965
51,1165.7592636294032,0.03733463924120428,0.029288394280259377,17.464714856350994,34.143216949042795,52,717.7332027679677,0.3891660050721839
52,1118.6887554618656,0.03577323033117686,0.029898222091245725,17.643710880907808,33.44680486177814,53,715.95210317628,0.393926560995169
53,1126.3918753324656,0.03602843417837223,0.02979581337198322,17.613908516258064,33.56176210112433,54,704.7811151169026,0.40563610091339797
54,1101.336552713199,0.03519881335692021,0.03013283359678536,17.71160307426334,33.18639107696404,55,704.552086192205,0.42941670899745077
55,1081.9164683038045,0.03455669752356676,0.030402068576231903,17.788866294459005,32.892498663126894,56,705.6297820661645,0.4277943919878453
56,1076.8563975293387,0.034389519493638845,0.030473413430374494,17.809225683580014,32.81549020705525,57,697.7932607522009,0.4508422479266301
57,1080.158119974096,0.034498597899834955,0.030426803699670758,17.795930261163534,32.865759081057234,58,690.6710418707972,0.547248390968889
58,1061.007100149895,0.033866229200460264,0.03070017527055974,17.873620707030422,32.573103937910105,59,695.377613612417,0.5842101160669699
59,1039.9266929926466,0.03317104519031063,0.031009776567484288,17.96077634983438,32.2478943962648,60,692.5872815137059,0.5758621210698038
60,1030.9900625864,0.03287661748576711,0.031143883085549173,17.998258816025217,32.10903397155386,61,696.2969003627959,0.5761394730070606
61,1021.2032170882817,0.03255437090997494,0.03129276313754748,18.039681865791287,31.956270387645077,62,689.0118178235743,0.5985260950401425
62,1021.5439709979054,0.03256558736521283,0.0312875435772291,18.038232958703105,31.961601508652617,63,687.2531243968664,0.6102717489702627
63,990.5260704984842,0.031545581492275404,0.03177364542054553,18.172144502769076,31.472624143825126,64,683.226248721954,0.6272835800191388
64,989.361397883292,0.031507321153993066,0.03179234182935527,18.177253994661147,31.454115754274387,65,675.0219458694745,0.6421394469216466
65,971.8715000180888,0.030933106491304437,0.03207713534981052,18.25471514174425,31.17485364870361,66,670.9824662165108,0.585934006026946
66,962.5716759738818,0.030628042198991973,0.03223171845878042,18.296472826136544,31.025339256386573,67,666.9528080817404,0.6270735110156238
67,953.1438099995622,0.03031896195160684,0.032390733591849775,18.339219290886035,30.873027224416496,68,668.7061876150451,0.6661651870235801
68,932.8909874836628,0.029655626131347323,0.03274044299010836,18.43249463424035,30.543264191694753,69,663.6323964919377,0.646599477971904
69,929.1236497941433,0.02953232963380162,0.03280675253137148,18.450068461747616,30.48152964984112,70,653.665629235087,0.6304110779892653
70,899.4155913475311,0.028561085181052867,0.033344160989218385,18.591199490863893,29.990258274105127,71,659.9197958741954,0.7395103380549699
71,879.833150022607,0.027921878601814665,0.03371318932289616,18.68680039734602,29.66198155927225,72,655.9484183404486,0.6873834029538557
72,867.1925197479928,0.027509687163001686,0.033958010514761966,18.74964837806187,29.448132703925268,73,651.4495670540305,0.6828028759919107
73,851.9140135040199,0.02701191969589152,0.03426116440675751,18.826845986660672,29.18756607708186,74,650.0919827396708,0.6964142540236935
74,830.3347910312737,0.02630969853390238,0.03470350838046121,18.93827125622785,28.815530379142317,75,640.2763985041405,0.7873604480409995
75,827.4205197773912,0.026214937248997382,0.034764569556887275,18.953540738037187,28.764918212596942,76,645.2025909244019,0.8271664549829438
76,838.0353750114737,0.026560177182203246,0.03454369769314684,18.89818009483431,28.948840650559283,77,638.3263576728054,0.7767488429090008
77,809.6851264267176,0.02563862516174887,0.03514324977732859,19.04764199324387,28.454966639002016,78,635.6372125587509,0.7567622161004692
78,788.0237400299603,0.024935615319172228,0.03562298839215134,19.165410596109588,28.071760543826965,79,634.7488317359298,0.7695408670697361
79,798.5147203448183,0.02527597463421063,0.0353882051844691,19.107974342498895,28.25800276638139,80,626.9951119904784,0.8229572009295225
80,785.3393588475061,0.024848562133190862,0.03568381821244689,19.18022997336451,28.023906916194004,81,626.2273934735283,0.8554847920313478
81,772.1061984308132,0.024419633172568442,0.035988312297237326,19.254033219045997,27.786798995760794,82,625.2568257919222,0.922119959956035
82,783.9654927535615,0.024804014039627027,0.03571507171067763,19.1878341379129,27.999383792390173,83,618.3550328066601,0.9320569320116192
83,746.9940699933529,0.02360665530670891,0.03658823189006339,19.397632066822126,27.33119225341904,84,621.008051423992,0.9064284769119695
84,737.2529506730855,0.023291644396493352,0.03682915378694998,19.45463841484055,27.152402300221716,85,619.1429809535615,0.9605188670102507
85,726.5050771320441,0.0229443017036634,0.03710057778635305,19.518417071853825,26.953758126317826,86,610.1981521449339,0.9467602350050583
86,718.9863985196444,0.022701458145583383,0.03729405978302378,19.563596862064983,26.813921729572574,87,611.5596520940244,1.007029486936517
87,710.7450989694253,0.022435407290229786,0.03750965443781448,19.61366487226321,26.659803055713397,88,611.3437359895725,1.0625072510447353
88,701.8651377648905,0.022148893641275924,0.03774619371690147,19.66826689694262,26.492737453213294,89,606.784459922487,1.0208495320985094
89,688.6035421725904,0.021721304570713248,0.03810793131731626,19.751111084852365,26.241256489973768,90,602.7585424434411,0.8925289079779759
90,684.2487983574022,0.02158097407482605,0.03822900356282984,19.77866317470744,26.158149750267164,91,603.8821014375882,0.9410153549397364
91,677.4145743463471,0.021360820671331236,0.03842135986164592,19.82225824759319,26.027189136484697,92,593.938879344873,0.9299933109432459
92,665.7722465087637,0.020986000452770937,0.03875584019138317,19.89754673741043,25.80256278955181,93,594.8107521106444,0.9611254240153357
93,661.556606738721,0.020850347402198814,0.03887912609599016,19.92513349921929,25.720742733030104,94,593.5051372835815,0.9606803590431809
94,648.7659700658423,0.020438984153678626,0.03926051292383992,20.00992299258247,25.470884752317545,95,586.859890688314,0.9750470579601824
95,630.4300080427683,0.0198498540918929,0.03982736383066769,20.134434837702674,25.108365300090096,96,576.2041139349883,1.0002034569624811
96,632.8502083970576,0.0199275755779332,0.03975113526082591,20.117794334175056,25.156514233833303,97,578.8231524576618,1.050722270971164
97,620.4087933305234,0.01952816225858354,0.04014773304102426,20.20402416233338,24.908006610937846,98,574.5895520361543,1.018908693920821
98,610.6470345294296,0.019214994310180516,0.040467360083040776,20.272901084816006,24.71127342994346,99,572.7720600195532,1.0414959960617125
99,605.0325152511095,0.019034961496322073,0.04065468894655876,20.313016460258844,24.59740871008793,100,574.6075766503195,1.055648538051173
100,591.4415147025319,0.018599421399861624,0.04111914704400397,20.41168555433574,24.319570610981845,101,564.3438757554214,1.0661398459924385
101,569.9636237947916,0.017911894887189576,0.04188672741206617,20.572332218433367,23.873910944685864,102,566.2283191339139,1.0831257490208372
102,567.3581934421527,0.017828555847392527,0.04198279366141058,20.59223029806917,23.819281967392566,103,565.7719110063117,1.108684195089154
103,565.8707845171054,0.01778098470832936,0.042037933988939964,20.60363088651156,23.788038685799748,104,556.5421292953124,1.1315070929704234
104,561.8349572881389,0.017651931037152895,0.04218864929260165,20.634716034230912,23.70305797335312,105,559.0910564482848,1.1378856890369207
105,551.8921307328767,0.017334128805669542,0.04256698586213234,20.7122615923543,23.492384526328458,106,555.7559704423311,1.1720271341037005
106,550.459595995049,0.01728835710450763,0.042622338756935746,20.72354913818758,23.461875372506967,107,556.1728328879303,1.1968857060419396
107,538.2971957594947,0.016899915463879218,0.043101158276981105,20.820582434883164,23.201232634485063,108,551.4273668044441,1.1903552430449054
108,533.0174179532537,0.016731382720710956,0.043314100455579124,20.86338959726167,23.087169985800635,109,545.628442327825,1.2160831399960443
109,517.7938793851017,0.016245753525265676,0.043946221844127324,20.9892344834377,22.755084692988987,110,551.4777773737683,1.2186942270491272
110,511.95244658839835,0.016059535598084,0.04419622629500138,21.038507380627394,22.62636618170046,111,542.620340486522,1.2451319739921018
111,510.4690530850219,0.016012257643429856,0.044260395547734546,21.05110942519021,22.593562204420575,112,541.4703669469923,1.2631478590192273
112,500.6216912026392,0.015698519105361575,0.04469358257456311,21.13570697845958,22.37457689438259,113,537.2683697888506,1.294386871973984
113,494.7627055981702,0.015511942799901186,0.04495743469594511,21.186834050833163,22.243262026918853,114,534.753739913475,1.323533458984457
114,485.7941498831131,0.01522647660598015,0.04537053074930781,21.26628080305715,22.040738415105633,115,530.0933945252533,1.5881483220728114
115,477.3687049476749,0.014958443620038522,0.04576916905278417,21.342264164821138,21.84876895725878,116,530.1349156395072,1.627343503991142
116,465.4586562333258,0.014579798631568405,0.04635103586438951,21.45199249486393,21.574490868461435,117,525.3061216794682,1.652249910053797
117,476.67848515024656,0.014936492395892396,0.04580229343343,21.348548103492785,21.832967850254498,118,522.7485940613167,1.6372499429853633
118,460.8945688486487,0.014434771755443122,0.046579970030213184,21.49478770410909,21.468455204058085,119,522.7278549512254,1.6309420879697427
119,446.27895159717565,0.013970629757240702,0.04733657131813802,21.63473956708907,21.12531542006357,120,519.5562146457861,1.5226430470356718
120,440.60336277981327,0.013790506943011814,0.04764047645900773,21.690325534114372,20.99055413227134,121,513.4106412336671,1.4356219780165702
121,435.5788090809726,0.01363109904232137,0.0479144633586832,21.740136177067207,20.870524887529125,122,511.2618996090437,1.542158156982623
122,435.07789041350355,0.013615209753273811,0.04794203812781677,21.745133467900523,20.858520810774277,123,510.0889154298951,1.5895599849754944
123,420.30231999024437,0.013146748222338323,0.04877745156886998,21.89518573631494,20.50127605760784,124,508.34275159616254,1.5475084070349112
124,415.7553849003812,0.013002674125854635,0.04904345509914907,21.942424779195257,20.390080551591286,125,504.5712552372297,1.537224264931865
125,411.44835050495965,0.01286623930312462,0.049299479858258374,21.98765035289313,20.28418966843289,126,505.47790890659377,1.570946899941191
126,405.2268759227416,0.012669225233381575,0.049676487375341326,22.05382119446523,20.130247785925082,127,504.27370502285777,1.613360114977695
127,396.7926439201786,0.012402262607250369,0.05020167339061504,22.14516748631958,19.91965471387942,128,495.1920764986629,1.6464177219895646
128,390.6206588830181,0.012206994413418616,0.050596723710734745,22.21325152633844,19.764125553209233,129,503.5225034239597,1.627845156006515
129,384.0496200421083,0.011999183795320249,0.05102773954132334,22.286930210881795,19.597183982452894,130,496.3496388325827,1.681928148958832
130,381.269059318484,0.011911273612320205,0.0512134718660474,22.318487979558114,19.526112242801535,131,494.2723097440332,1.7011628630571067
131,374.93984239271737,0.011711226084941866,0.051643920481824625,22.39118768374034,19.36336340599735,132,489.31334905364247,1.7221649809507653
132,369.6218200542155,0.011543200519710447,0.052014113306563206,22.453227596579772,19.225551228878082,133,485.5223226995572,1.737566165975295
133,357.01870572235157,0.011145221618464714,0.05292422588581933,22.603893896319814,18.894938627112595,134,481.7636533158271,1.7773716429946944
134,356.2798685247706,0.011121900466068934,0.05297907340737375,22.612890774885756,18.87537730814329,135,483.25661793381494,1.7637030329788104
135,349.3168965740496,0.01090216938372876,0.05350448688127817,22.698607677541766,18.690021310155043,136,475.0003282217845,1.7697035790188238
136,344.530879781981,0.01075119202881953,0.053874831321879264,22.758522077218025,18.56154303343289,137,476.8978804535049,1.8233807010110468
137,339.4682672464906,0.010591538392893956,0.05427507199279099,22.82281177255367,18.42466464407129,138,470.925801766204,1.8749238440068439
138,333.39146855517015,0.010399968156747614,0.05476748007932778,22.901258787737014,18.259010612713116,139,470.47429422919095,1.8803588120499626
139,323.40506152636596,0.010085305761761318,0.05560663229271512,23.03333548217228,17.983466337899543,140,466.52992559363656,1.9416967160068452
140,317.773550591449,0.009907948498416483,0.056097192513560754,23.109626143471303,17.82620404324625,141,464.8971045373159,1.9388938619522378
141,306.43486108887873,0.009551039796191374,0.05712561843121153,23.26742190255541,17.50528094858459,142,458.6537406103498,1.9497007399331778
142,306.88111756440316,0.0095650818727406,0.057084068218307735,23.261101938107032,17.518022649956905,143,460.7916340006382,1.942378083942458
143,303.72178693430317,0.009465677575346025,0.057380195925427244,23.306044145012763,17.427615641111185,144,458.2813268532296,2.260969786089845
144,296.8499695067219,0.009249532208772912,0.058040546853670646,23.40543352217802,17.229334563665592,145,454.79939180310726,2.1329920820426196
145,286.4409934242434,0.008922305688025415,0.059085703986426756,23.5604518960658,16.924567747042857,146,447.26849741815295,2.3709946940653026
146,288.70988225394854,0.008993614559283407,0.0588530771787912,23.5261871126185,16.991464982571355,147,450.0792831153242,2.305808349046856
147,279.89185857264226,0.008716529556806603,0.05977297432208645,23.660900948719146,16.729968875423594,148,448.7764062389352,2.0889937059255317
148,277.234849208475,0.008633069316832732,0.06005872238107679,23.702325394459812,16.650370842971487,149,442.80724932640845,2.1307584040332586
149,270.665804179628,0.008426786041539083,0.060783164229201825,23.80646970240332,16.45192402667931,150,443.04297626391934,2.163510304992087
150,267.20418485784813,0.008318117095887461,0.06117561896792164,23.86237105243898,16.346381399497815,151,441.30854179148963,2.1423697599675506
151,260.5097213203823,0.008108027460403651,0.06195666504446502,23.97256426564328,16.140313544673855,152,429.38841074270886,2.1426207289332524
152,256.40212194553305,0.00797916366736955,0.062450970602014474,24.041587458502157,16.012561379914615,153,428.1265919193954,2.1702831219881773
153,254.32275065898858,0.007913942096650242,0.06270575394212013,24.076951487704097,15.947499824705709,154,424.8545957119315,2.1781602069968358
154,247.88800852425095,0.007712163403631917,0.06351440599055337,24.188248424006492,15.74445961359903,155,424.2381804076905,2.317175955977291
155,242.86785896857137,0.00755479916832565,0.06416747910729927,24.27710316611128,15.58421826620031,156,421.6363561325244,2.4133625800022855
156,236.82517373138577,0.0073654471657924325,0.06498095170845299,24.386524962986652,15.38912517758517,157,422.7361446782747,2.415079181897454
157,232.38451972916096,0.00722634135718773,0.06559887673309998,24.468731666682256,15.244163464393871,158,412.96673782386523,2.3613471299177036
158,227.8678668016341,0.007084894246733631,0.06624581640625009,24.553972741897454,15.095292869024902,159,416.6087555599428,2.3680350470822304
159,224.64068930978226,0.006983853710062504,0.0667199617201418,24.615919377838708,14.98801819153494,160,410.5172232376692,2.4651212790049613
160,222.26240697448458,0.006909404427344995,0.06707597487841706,24.662143476703715,14.908467626637037,161,406.9967837395708,2.502844630042091
161,209.85555152127597,0.006521201102732979,0.06903030126110736,24.911598983370045,14.486391942829517,162,407.02942793180017,2.5200225709704682
162,212.67727458610912,0.006609464883923348,0.06857083797989393,24.853592745812215,14.583458937649501,163,403.099431414642,2.4350517080165446
163,207.8259002844146,0.006457722978451839,0.06936656113085868,24.95380690362538,14.416168016654584,164,401.9783180154804,2.4236490419134498
164,203.43112440086924,0.0063203021040914385,0.0701118295781599,25.04662961339918,14.262928324887188,165,396.45740193004247,2.4769958020187914
165,195.322372779031,0.006066846864465297,0.07155236686583573,25.223283694080834,13.975778074190753,166,398.31586231193864,2.4845286440104246
166,198.0757919796829,0.006152896168013628,0.07105330758421996,25.162489597971494,14.073940172520377,167,393.0392078818818,2.8880946380086243
167,191.41683740821725,0.005944817099671343,0.07227863325690641,25.31100224334805,13.835347390225417,168,391.18059298514504,2.9352539989631623
168,180.4896006737986,0.005603549144341129,0.0744344370200266,25.566281767874127,13.434641814123614,169,388.40555743155306,2.9430360249243677
169,185.23406638375863,0.005751694856602134,0.07347499574950868,25.453595001097796,13.610072240210874,170,386.6819032067986,2.7548653880367056
170,181.31741055017062,0.005629394324497175,0.07426432635024938,25.546408527303353,13.46541535008002,171,381.59330499338614,2.6585279619321227
171,175.04990672204912,0.005433748659514443,0.0755821180679405,25.699184771870822,13.23064271764789,172,384.6333977474323,2.66061860404443
172,174.49999845916577,0.0054165864202103805,0.07570111674466672,25.712849334075297,13.209844755301472,173,373.7667435855324,2.736361442017369
173,170.44486404498772,0.005290046695301825,0.07659634389575101,25.814964415483885,13.055453421654406,174,379.55921238924446,2.7488928119419143
174,167.5054449554903,0.005198342572624425,0.07726548509666038,25.89051432028244,12.942389460817902,175,373.8883434446146,2.791705077048391
175,162.74590570899204,0.005049889736163675,0.07838716616354593,26.01570289282726,12.757190353247537,176,369.4913571039507,2.811236581997946
176,160.14709083255116,0.004968849673449381,0.0790206273175457,26.085613070147783,12.654923580668164,177,366.84012335745535,2.8436350480187684
177,155.13280357567086,0.004812523731775171,0.08028754518003955,26.223767196915823,12.455231975987877,178,365.03561090771734,2.8818502470385283
178,152.22208579757748,0.0047218011987546875,0.08105152036376172,26.306026923745307,12.337831486836635,179,361.7179700653612,2.863693253020756
179,150.3498777386847,0.004663456050823883,0.08155459969544582,26.35977281590244,12.261724093237651,180,361.2453914420873,2.977878552977927
180,147.00007759995592,0.004559080401831642,0.08247858811438886,26.457627968597084,12.124358853149964,181,351.73544070265535,3.3851393470540643
181,142.72619554412046,0.0044259429803096394,0.08370437446886145,26.585766713118744,11.946806918341004,182,346.87589174952893,3.3947430540574715
182,139.75759903145922,0.004333487801746479,0.08458868712600028,26.677049297999133,11.8219118179531,183,346.0228698965037,3.557246512034908
183,137.86291596426557,0.004274487918609582,0.08516796492082576,26.736329007689537,11.741503990727319,184,347.06570080308074,3.0974511230597273
184,134.00405363124798,0.00415434549434402,0.08638553594448066,26.859624248683616,11.576011991668286,185,343.0621534718157,3.1045289679896086
185,130.65680384463863,0.00405015497431123,0.08748507831128793,26.96948330690944,11.430520716250797,186,337.68171114516736,3.4388825319474563
186,124.87529790534147,0.003870243787471447,0.0894873672867996,27.166038235698743,11.174761648703809,187,338.80267838121046,3.49996830499731
187,123.41560394250801,0.0038248306475181515,0.09001501612018441,27.217102880612405,11.109257578367153,188,331.1681178821147,3.5482348309597
188,118.22160223478117,0.00366327123790927,0.09197114208310676,27.40383519905043,10.872975776427591,189,326.5365927901508,3.6128559820353985
189,115.37259628979366,0.0035746749993076053,0.09309978264357172,27.509776949722152,10.741163637604338,190,323.1793704930416,3.532436506007798
190,112.63774841535721,0.0034896434747957827,0.09422323690930387,27.613964003603492,10.613093253870767,191,325.53240410999484,3.8074274859391153
191,109.6320397142923,0.0033962070006507174,0.09550613120314015,27.73142866594967,10.470531969021073,192,321.64564391617705,3.600541625986807
192,107.62857317861996,0.0033339362281867503,0.0963909384532621,27.81152777953258,10.374419173072774,193,318.4923134025276,3.2443142880219966
193,104.1809770729506,0.0032267978146417733,0.0979728601915605,27.952919346727384,10.206908301388358,194,316.0331654130484,3.2346639139577746
194,95.2405957559632,0.002949070720228058,0.1024681624952015,28.342582574958605,9.759128842061836,195,312.1901457942628,3.5097948970505968
195,98.24371625526108,0.0030423435407038687,0.10088988080403889,28.207755787460265,9.911796822739108,196,310.2249386819167,3.8736093199113384
196,96.57005859778349,0.002990359880099717,0.10176038760515059,28.282378659368366,9.827006593962553,197,303.36139384270183,3.3739802640629932
197,93.44466913112585,0.00289329998076735,0.1034481514918722,28.42525830251752,9.666678288384581,198,301.76043583691455,3.4882312720874324
198,91.73061020813444,0.002840077346958085,0.10441018342978249,28.50566078347513,9.577609837957194,199,298.82213078867346,3.9813872879603878
199,89.86083353602334,0.0027820260184008346,0.10549084682633793,28.595099181397657,9.479495426235689,200,295.54287419604265,4.006201755953953
200,88.16501663063097,0.0027293814650242295,0.10650055061572536,28.677840670982306,9.389622816206781,201,291.79557405494216,3.5929416810395196
201,84.05796385831577,0.0026019059564492356,0.1090713194975518,28.885014950153824,9.168313032304022,202,286.27768537793867,3.7429142750333995
202,82.59748661907888,0.00255658318949496,0.11003138608288804,28.961135286089355,9.088315939660047,203,287.2484647767892,4.0905861660139635
203,78.94361845212539,0.0024432112047951034,0.11254895982161689,29.157633320719608,8.885022141341315,204,285.34356994334365,3.6322173160733655
204,78.07362262354388,0.0024162208099092904,0.11317430454266925,29.205760297302717,8.835927943546388,205,282.4805766522868,3.845289353048429
205,75.03767590165663,0.0023220462242914516,0.11544106183784755,29.378009864392883,8.662428983931505,206,276.18200544674824,4.055755713023245
206,73.7052866652226,0.002280721308342984,0.11647981713915873,29.455817212152322,8.585178312954403,207,274.74158098422805,3.748624090105295
207,71.42407940062441,0.002209976097079434,0.11832531636488615,29.592357094862898,8.451276791149631,208,271.12967060130325,3.6751503839623183
208,67.92178702094154,0.0021013818083258917,0.12133761330241077,29.810712572020318,8.241467528355708,209,266.4488262463788,3.7266096009407192
209,66.24138838032943,0.0020492866611481705,0.1228670091655785,29.919509344401668,8.13888127326658,210,268.450631774496,3.731227634008974
210,64.19954972609489,0.0019859935623926157,0.12480558174457408,30.05548378782828,8.012462151304984,211,264.3201392731326,3.9952678320696577
211,62.77554683994602,0.0019418569248959195,0.12621319121647745,30.152898563123145,7.923102097029043,212,260.42181408828617,3.9687542089959607
212,59.53683599283693,0.0018414883143203018,0.12960063353937726,30.38294609955317,7.716011663601664,213,256.9233979636999,3.9740000260062516
213,58.58679755010029,0.0018120501553178566,0.13064720415984704,30.452806014562487,7.6542013005995795,214,255.22149863936863,3.916272906004451
214,53.18489071876131,0.0016446980266418122,0.13712159754655645,30.872920896529415,7.292797180695574,215,252.35378530034342,3.9678848639596254
215,54.28320385439145,0.0016787194535954526,0.13572731688440842,30.784148885857974,7.36771361104593,216,250.08614142460627,4.3617763969814405
216,48.34114227536388,0.001494685291554875,0.14382737222922573,31.28763452528463,6.9527794640247205,217,249.87320999890593,4.476886341930367
217,50.83040416738354,0.0015717730681265726,0.1402614158592175,31.069567979492593,7.129544457213486,218,247.7387869409375,4.736424857983366
218,48.987439718160736,0.0015146987718385845,0.14287545582661731,31.22995618805558,6.999102779511152,219,244.8911738318162,4.526461253059097
219,47.959037592296646,0.001482853276026839,0.1443991943926069,31.322099014650483,6.925246392172386,220,241.8112381502861,4.7451706799911335
220,46.00250098502203,0.0014222727631134867,0.1474379481648086,31.50298917567455,6.782514355681235,221,235.94958296664367,4.539512933930382
221,44.376645513857504,0.0013719367512877517,0.15011454176006156,31.659258905943158,6.661579806161411,222,233.53988610930395,4.465152238961309
222,42.41841005705638,0.0013113170692091304,0.15354044923607216,31.855259747728848,6.512941736040356,223,230.7688554852126,4.149920879048295
223,40.88874729230417,0.0012639695082556058,0.15638608132240886,32.014765555807195,6.394430959225705,224,227.65026871069352,4.2698135318933055
224,40.11252666549082,0.0012399449097343683,0.15789195079773502,32.098003420595404,6.33344508664051,225,224.74221136387635,4.846078786998987
225,37.85057213142392,0.0011699423299896747,0.16254131753729975,32.35007912391332,6.152281863782243,226,220.73944575294726,4.616221121046692
226,36.66403008562058,0.0011332253448892782,0.16515050259412878,32.48840160259435,6.055082995766497,227,224.2548709685806,4.761859969003126
227,35.11755412576861,0.0010853744165058396,0.16874770294515667,32.67556100406979,5.926006591775663,228,213.8846251920475,4.979711803956889
228,30.41508870307042,0.0009398992267705839,0.18132406901381715,33.29991273483473,5.5149876430569105,229,216.0467091155772,5.069004760007374
229,32.36542771126493,0.001000229666270152,0.17577589774172753,33.02999010245775,5.689062111742579,230,204.38720846014485,4.865859727025963
230,27.581687041538153,0.0008522656927754828,0.1904099271185017,33.72459534473212,5.251827019384602,231,210.43604020709975,4.889090662938543
231,29.585210410163022,0.0009142305504413546,0.18384959133047538,33.42005698539389,5.439228843334598,232,204.18643851806416,4.866628188989125
232,28.76907317839542,0.0008889881780607506,0.1864391286535828,33.5415448994012,5.363680935551202,233,197.02047735632522,4.963277708971873
233,24.213667074804135,0.0007481170488983415,0.20322152994175188,34.29019794071779,4.92073846844192,234,198.78849741771788,4.709346562041901
234,26.291351329773537,0.0008123623242945232,0.1950264635404171,33.93267452206148,5.127509271544376,235,191.6665199688842,5.158212250098586
235,25.506391058897638,0.0007880891446993649,0.19800469721491565,34.06431346949771,5.050385238662258,236,191.67980723282676,4.561950920033269
236,24.66206768527993,0.0007619816052997076,0.20136558926217896,34.210508755237484,4.966091791870135,237,187.46762987069954,4.679017408983782
237,22.650193624531045,0.0006997774214271181,0.21011837844254067,34.58008441949259,4.759221955796035,238,182.14598839112625,4.740259115002118
238,21.396035873279615,0.0006610046228310914,0.21618887487764282,34.8274704349227,4.625584922286004,239,179.99190035723143,4.773604652960785
239,20.66176371145205,0.0006383056938058965,0.21999677007136095,34.97912970235212,4.545521280497106,240,180.44541815360853,4.84921180002857
240,19.016430701394256,0.0005874464160420982,0.22931660180792007,35.33951355740518,4.360783266959533,241,175.5143442767972,4.842626336030662
241,18.523185857948924,0.0005722006152918612,0.23234972233157805,35.45364676495227,4.303857090790646,242,166.926677735765,4.887827179976739
242,17.28405495848133,0.0005339021270107888,0.24053439168322,35.75434722291016,4.1574096452576494,243,166.1424847114398,4.884428957011551
243,17.187824614139178,0.0005309280064441857,0.24120679787988772,35.77859447407137,4.145820137697628,244,162.75501414729956,5.252977752010338
244,14.992788447296382,0.0004630924371911683,0.25826097929954317,36.371979478560704,3.8720522268296413,245,160.2229781728955,5.012437753030099
245,14.542054393025587,0.0004491640550791547,0.2622328636739029,36.50454596124176,3.8134045671847603,246,157.36246367853713,5.3613647359889
246,13.517241706192436,0.00041749719512977737,0.27199189334926066,36.82192281244038,3.676580164526871,247,153.92980537010735,4.994638486998156
247,11.068423124272739,0.0003418364651834533,0.3005779536949004,37.689946078489086,3.3269239733232165,248,148.90445389991214,5.143533784896135
248,12.253617246893171,0.00037845377666655524,0.2856721114169104,37.24816050251307,3.5005167114146407,249,144.32184294444957,5.5646668439731
249,12.139537755558152,0.00037492910304690453,0.2870112531586972,37.2887821070465,3.4841839439900633,250,147.41865362059013,5.361191334901378
250,11.288864085041078,0.0003486469232016504,0.2976287482735237,37.60430116588415,3.3598904870607136,251,142.99323357190494,5.705945693072863
251,9.900658803314565,0.00030576027999403867,0.3178102887895143,38.17416266762811,3.146531233487849,252,136.32479127517988,5.659967227024026
252,9.379757659972338,0.0002896687230184101,0.32651579215365745,38.40888742989522,3.0626390025552044,253,132.1068837000832,5.695641289930791
253,7.0412142483955495,0.00021743336275607274,0.37685668229236835,39.654328017392125,2.653528640960099,254,128.08792167977856,6.009639795986004
254,7.9440334425059005,0.00024531934425527086,0.35479661532662937,39.13039297099467,2.8185161774426453,255,127.13652572437795,5.492620088043623
255,6.225025680498333,0.00019222453766722734,0.4008015812992879,40.18939213473516,2.4950001363724077,256,121.70796085648144,5.326159631949849
256,7.058154712867015,0.00021795659992126617,0.3764041587377461,39.643891871205234,2.656718786937567,257,121.27222494307875,6.030283443978988
257,6.488569687692241,0.00020036422702997923,0.3925775978931847,40.009313875193726,2.5472671017567516,258,113.17314817047173,5.798519356991164
258,5.659928070279228,0.00017477166002164427,0.4203340226106947,40.602694489162666,2.3790603334676548,259,113.08222122533198,5.870713197044097
259,5.123789607898632,0.00015821374041176102,0.4417782756663317,41.034890723488495,2.2635789378545277,260,105.14706173541143,5.805717393988743
260,4.719217566531723,0.0001457194367490139,0.4603254645611855,41.39210361112142,2.172376018679023,261,107.45247751882137,5.598278785008006
261,3.230051456243465,9.973255740580542e-05,0.5564104520812111,43.03870919965725,1.7972343910140003,262,97.32067300507559,5.962557878927328
262,3.5646086665445806,0.00011006363697043195,0.5296562125643923,42.61068502216901,1.8880171255962115,263,95.88233045712998,6.1926106890896335
263,2.776735422754924,8.573456262570947e-05,0.6001126060348353,43.69545860272011,1.6663539308186972,264,93.7487194794773,6.251143857021816
264,2.2761810348539626,7.02783448142158e-05,0.6628215191327907,44.55873560389415,1.5087017713431514,265,86.70387529021905,6.385373607976362
265,2.5356420959928916,7.828997535652619e-05,0.6279947649362376,44.089924076773954,1.592369962035485,266,87.79376048227692,5.994239224935882
266,1.7455781716411334,5.389480583349148e-05,0.7568857848339773,45.711410584182566,1.3212033044316585,267,78.08056928361341,6.18267166998703
267,1.7477359131081238,5.39614297948376e-05,0.7564184178205237,45.70604550501174,1.3220196341613553,268,71.0016064840593,5.921715556993149
268,1.4340536196046205,4.427604518887692e-05,0.8350592767287063,46.56514970858963,1.1975197783772178,269,69.46061903693375,6.0027305589756
269,1.1090338912522386,3.424079913649178e-05,0.9495713240706627,47.68135542799064,1.0531067805556276,270,67.08835735871128,6.098036201088689
270,0.9730515538595743,3.004229463744326e-05,1.0137528186675415,48.249445103594695,0.9864337554339746,271,60.191668176296886,6.644060799968429
271,0.7581937825491669,2.340855406813607e-05,1.148444178466776,49.33300142127612,0.8707432357182954,272,54.00785931118589,6.428113496047445
272,0.6334634975181593,1.955754289984172e-05,1.2564326189864632,50.11358766562702,0.7959042012190659,273,52.631324434101366,6.031625236966647
273,0.5739843399185875,1.7721151702284034e-05,1.319927198866239,50.54180317215093,0.7576175419818284,274,51.169265802773324,6.27529485092964
274,0.3974213653839646,1.2269892093991201e-05,1.5862600785075769,52.138291497827424,0.6304136462545561,275,48.11662141377355,6.291517417994328
275,0.3578701019800806,1.1048782364426277e-05,1.6716189718256529,52.59354943806344,0.5982224519190839,276,37.79714434644497,6.0855767640750855
276,0.2515608709421701,7.766595131923781e-06,1.9937856007637194,54.124372712149466,0.5015584422000792,277,34.871180079489356,6.079067912069149
277,0.1551006369242808,4.78850410952529e-06,2.539178366982314,56.22466779610511,0.3938281819833121,278,35.535297147415875,6.108303677057847
278,0.08707872539229919,2.6884219625442392e-06,3.388784626873706,58.73168297402187,0.29509104593718055,279,29.599748645042443,6.189844658016227
279,0.030434819206798632,9.396266760233173e-07,5.732111595753972,63.29709634628494,0.17445578008996615,280,20.42806546838471,6.210834612022154
280,2.4749603826464124e-27,7.641039681220523e-32,20100917183634.81,314.19512109410744,4.974897368435265e-14,281,1.1711864554202023e-12,6.245291856001131
281,2.1361507581639336,6.59371522162161e-05,0.6842015444481757,44.83448461234116,1.4615576479099048,282,115.47079611003633,6.298805655096658
282,12.474722639164856,0.00038482702407366696,0.2831291276291596,37.17049462493869,3.531957338242473,283,261.87070761913964,6.330987583962269
283,226328.6465083355,0.5514138780176855,0.0021019880218059736,-5.416591653940661,475.7401039520796,284,11265.070082905588,6.395461160107516
284,261461.052622245,0.6148428784926787,0.001955674159197325,-6.043266444157372,511.33262424985656,285,11936.971976885883,6.423913283040747
285,156805.24950288702,0.6220259356465823,0.0025253390888553876,-3.8228023697014093,395.9864259073624,286,9835.814880051199,7.016057759989053
286,850178.0317427376,0.7271433221256626,0.0010845387172057988,-11.164295179140183,922.0509919428197,287,21696.634666742917,7.203858687076718
287,648421.3429433546,0.7467796440341009,0.0012418563128354097,-9.987769404504194,805.2461381114191,288,18523.10362550168,6.613321713986807
288,1186124.388386911,0.7812355824432918,0.0009181949125718345,-12.610498748360158,1089.0933790942406,289,25905.751319968724,7.195059671998024
289,1596219.524063994,0.8035590572611944,0.0007915050511107525,-13.900122576841014,1263.4158159782526,290,29685.26127507789,7.311306300922297
290,32289.340570564662,0.26169052391575925,0.0055650671896003145,3.040211851443169,179.6923497830797,291,4114.062491026469,6.8629346049856395
291,5784.327363125421,0.14681162054435964,0.013148419993749222,10.508274970558876,76.05476555170898,292,2955.766702580319,7.206803339999169
292,2031780.4090582265,0.843227257160521,0.0007015548248621655,-14.947964075630404,1425.4053490352233,293,32740.609995540108,6.984579730895348
293,4191147.1272674873,0.8599479413990776,0.00048846510797058,-18.092525458353855,2047.2291340412992,294,48250.66636701218,7.000029289047234
294,,,,,,284,,6.632840457954444
295,166295.8727167228,0.7267972557593477,0.002452219065633452,-4.078011097671484,407.7939096121015,296,14925.874726720827,7.55696437205188
296,,,,,,284,,7.663760579074733
297,7048.509506188995,0.1531088779876691,0.011911085856429953,9.649830710642803,83.9554018880798,298,4944.515097530668,7.372155867982656
298,7626407.683191213,0.8960156269674512,0.0003621095604312109,-20.692396566744936,2761.5951338295795,299,64304.63134041835,7.171463701990433
299,4591506.812753029,0.8973157599098256,0.00046668343249246384,-18.488748721799332,2142.7801596881163,300,49561.86040986309,7.2660001799231395
300,5422942.837328279,0.9030969776104709,0.00042942021663982497,-19.211546657390844,2328.7212880308966,301,56837.20120725191,7.274589153006673
301,5040223.3101577405,0.907286309001031,0.000445425535434913,-18.893694176849152,2245.044166638541,302,52310.437580376594,7.266110792988911
302,33826.80620933014,0.2726450103929347,0.005437127312579561,2.838193654784471,183.9206519380848,303,4315.354985566306,7.407541646971367
303,88814.52765697139,0.5036526539033156,0.003355505807355467,-1.3540364956401891,298.0176633305002,304,7569.042109728801,7.3812630829634145
304,13890573.698274417,0.9209023419060032,0.00026831188383579326,-23.296398221518935,3727.0059965439305,305,87324.76049711982,7.436599284992553
305,,,,,,299,,7.24240596499294
306,10821764.140775174,0.9256034149763178,0.0003039841697018413,-22.21217703428699,3289.6449870427014,307,77097.89716594419,7.709904380957596
307,10621912.866138877,0.9282481521039803,0.0003068305741681359,-22.131223736177418,3259.1276234813017,308,75293.36681834517,8.010395538061857
308,7907811.416231122,0.9294509767237232,0.0003556082665292273,-20.849759429367527,2812.083109765983,309,66371.73944142647,8.445971944951452
309,14100.388153586488,0.2631534567731539,0.008421403296644026,6.638492928479563,118.74505528057364,310,10791.557959351105,8.159943219041452
310,14316026.922928337,0.9355063947823755,0.0002642948780773424,-23.427421455913404,3783.652590147295,311,88279.01945242585,8.165526497992687
311,10961.173038741195,0.214073232708085,0.009551497868411595,7.732233270670389,104.69562091482716,312,8881.514275270292,7.8106637300224975
312,23957413.358547788,0.9397957233149818,0.00020430548997765492,-25.663595653388857,4894.631074815322,313,114442.28933823544,7.862611143034883
313,17442011.80381153,0.9409541716021969,0.00023944276115711453,-24.28516215193309,4176.363466439617,314,97876.80380188458,7.9988522520288825
314,18614143.576233406,0.942652994535751,0.0002317813405117838,-24.567626985598704,4314.411150578188,315,101084.6760715632,8.090811748988926
315,,,,,,288,,7.3174660169752315
316,31937207.689375196,0.9463577134013544,0.00017695039185996512,-26.912165816763235,5651.301415548032,317,132234.68802507516,9.027669474948198
317,46417.907159848044,0.3853756988236152,0.004641487895719417,1.4639480530421864,215.44815422706236,318,6233.435459131838,8.555414667003788
318,4315.635526322289,0.11682635440804319,0.015222206887872694,11.780356013146193,65.69349683433124,319,3695.8894192637827,9.072008026996627
319,36191.18204291819,0.28570553099926266,0.005256523569490283,2.544775930033338,190.23980141631296,320,7985.709552430162,9.28333067393396
320,37914963.65563795,0.9515853136259261,0.0001624032357654683,-27.65730283150742,6157.512781605731,321,144442.557074268,9.061933625955135
321,,,,,,283,,7.285600120085292
322,12920679.549116403,0.9521811144475952,0.00027820012593191197,-22.982049946387107,3594.534677690063,323,82437.59283419774,9.376455520978197
323,14993572.814449962,0.9532609069112238,0.000258254223935725,-23.628247722281497,3872.1535112195593,324,92822.57779928744,8.310441719018854
324,49035829.432698004,0.9558642347629198,0.00014280494198913175,-28.77433164847416,7002.558777525399,325,165103.91722439186,8.401764637092128
